{
  "threshold": 0.95,
  "n_samples": 1600,
  "n_injections": 50,
  "n_safe": 50,
  "n_notinject": 1500,
  "metrics": {
    "accuracy": {
      "value": 0.986875,
      "ci_lower": 0.9800181811732513,
      "ci_upper": 0.9913995306157921
    },
    "precision": {
      "value": 0.704225352112676,
      "ci_lower": 0.5898146180172532,
      "ci_upper": 0.7976711479868337
    },
    "recall": {
      "value": 1.0,
      "ci_lower": 0.9286524008666414,
      "ci_upper": 1
    },
    "f1": {
      "value": 0.8264462809917354,
      "ci_lower": 0.7422680412371134,
      "ci_upper": 0.8925619834710743
    },
    "fpr": {
      "value": 0.013548387096774193,
      "ci_lower": 0.00887842230050077,
      "ci_upper": 0.020623595785363682
    },
    "notinject_fpr": {
      "value": 0.014,
      "ci_lower": 0.009174941314692178,
      "ci_upper": 0.02130796534532423
    }
  },
  "confusion_matrix": {
    "tp": 50,
    "tn": 1529,
    "fp": 21,
    "fn": 0
  }
}