{
  "BIT (Ours)": {
    "roc_auc": 0.9986258379602979,
    "pr_auc": 0.9972536467246444
  },
  "Keyword Baseline": {
    "roc_auc": 0.6019108280254777,
    "pr_auc": 0.4538216560509554
  }
}