{
  "MPNet (Ours)": {
    "roc_auc": 1.0,
    "pr_auc": 1.0
  },
  "Keyword Baseline": {
    "roc_auc": 0.6019108280254777,
    "pr_auc": 0.4538216560509554
  }
}