{
  "MOF (Ours)": {
    "roc_auc": 0.9984587101446585,
    "pr_auc": 0.9969858105309689
  },
  "Keyword Baseline": {
    "roc_auc": 0.6019108280254777,
    "pr_auc": 0.4538216560509554
  }
}