epoch,steps,cosine_pearson,cosine_spearman
1.0,3500,0.666196844619859,0.7108392871305771
2.0,7000,0.8283340968457814,0.8327029195217067
3.0,10500,0.9388306176033827,0.8890111050947341
