{
  "model_name": "BAAI/bge-large-en-v1.5",
  "embedding_dimension": 1024,
  "threshold": 0.9535580277442932,
  "training_samples": 7000,
  "test_results": {
    "recall": 0.9866666666666667,
    "fpr": 0.0,
    "auc": 0.9999833333333333
  },
  "is_trained": true,
  "classes_": [
    0,
    1
  ]
}