{
  "model_name": "bit_xgboost_theta_764",
  "threshold": 0.764,
  "training_date": "2025-12-14 23:24:09",
  "training_stats": {
    "train_samples": 112,
    "val_samples": 28,
    "val_auc": 0.8928571428571428,
    "val_f1_at_764": 0.7999999999999999,
    "val_report": {
      "0": {
        "precision": 0.7,
        "recall": 1.0,
        "f1-score": 0.8235294117647058,
        "support": 14.0
      },
      "1": {
        "precision": 1.0,
        "recall": 0.5714285714285714,
        "f1-score": 0.7272727272727273,
        "support": 14.0
      },
      "accuracy": 0.7857142857142857,
      "macro avg": {
        "precision": 0.85,
        "recall": 0.7857142857142857,
        "f1-score": 0.7754010695187166,
        "support": 28.0
      },
      "weighted avg": {
        "precision": 0.8499999999999999,
        "recall": 0.7857142857142857,
        "f1-score": 0.7754010695187166,
        "support": 28.0
      }
    },
    "optimal_threshold": 